"id","movieTitle","length","director","plot","cast","imdb","language","genre","mrp","inventory","sellingPrice","shippingFee","isSellable","soldCount","createdAt","updatedAt","releaseYear"
1,"The Maze Runner","113 min","Wes Ball","Thomas is deposited in a community of boys after his memory is erased, soon learning they are all trapped in a maze that will require him to join forces with fellow ""runners"" for a shot at escape.","Dylan O'Brien, Aml Ameen, Ki Hong Lee, Blake Cooper","6.8","English","Action, Mystery, Sci-Fi, Thriller","200","5","175","40",True,"0","2020-11-02","2020-11-02","2014"
6,"Wonder Woman","114 min","Patty Jenkins","When a pilot crashes and tells of conflict in the outside world, Diana, an Amazonian warrior in training, leaves home to fight a war, discovering her full powers and true destiny.","""Gal Gadot, Chris Pine, Connie Nielsen, Robin Wright","7.4","English, German, Dutch, French, Spanish, Chinese, North American Indian","Action,Adventure,Fantasy,Sci-Fi,War","250","8","200","40",True,"0","2020-11-02","2020-11-02","2017"
7,"Hancock","92 min","Peter Berg","Hancock is a superhero whose ill-considered behavior regularly causes damage in the millions. He changes when the person he saves helps him improve his public image.","""Will Smith, Charlize Theron, Jason Bateman, Jae Head","6.4","English, Japanese, Vietnamese","Action,Fantasy","200","5","180","40",True,"0","2020-11-02","2020-11-02","2008"
8,"Star Wars: Episode IV - A New Hope","121 min","George Lucas","Luke Skywalker joins forces with a Jedi Knight, a cocky pilot, a Wookiee and two droids to save the galaxy from the Empire's world-destroying battle station, while also attempting to rescue Princess Leia from the mysterious Darth Vader.","Mark Hamill, Harrison Ford, Carrie Fisher, Peter Cushing","8.6","English","Action,Adventure,Fantasy,Sci-Fi","250","0","0","0",False,"0","2020-11-02","2020-11-02","1977"
